,valenceScore,userID
0,0.4040152183600713,Laura
0,0.38492683008730694,Freyja
0,0.5251009297520661,Anton
0,0.49187799311362523,Emil
0,0.525101,Jonathan
